hot_rank,hot_group,posted_at_utc,age,age_hours,found_at,score,lead_status,subreddit,subreddit_url,title,post_url,author,contact_type,contact_value,safe_to_email,outreach_status,recommended_action
1,top10,2026-05-01 07:31 UTC,38m ago,0.6,2026-05-01T07:45:37.674570+00:00,100,lead,r/OpenAI,https://www.reddit.com/r/OpenAI/,"Help me choose between Claude, ChatGPT, Marketing AI",https://reddit.com/r/OpenAI/comments/1t0mfxg/help_me_choose_between_claude_chatgpt_marketing_ai/,Glittering-Water1103,,,0,no_safe_contact_found,review draft and reply/DM on Reddit
2,top10,2026-05-01 06:37 UTC,1h ago,1.5,2026-05-01T07:50:15.131596+00:00,100,lead,r/freelance_forhire,https://www.reddit.com/r/freelance_forhire/,[Hiring] Looking for cold outreachers,https://reddit.com/r/freelance_forhire/comments/1t0lhxf/hiring_looking_for_cold_outreachers/,Long-Blueberry-776,reddit_review,https://reddit.com/r/freelance_forhire/comments/1t0lhxf/hiring_looking_for_cold_outreachers/,0,reddit_reply_or_dm_review,review draft and reply/DM on Reddit
3,top10,2026-05-01 06:09 UTC,2h ago,2.0,2026-05-01T07:45:27.102041+00:00,100,lead,r/ChatGPT,https://www.reddit.com/r/ChatGPT/,"Help me choose between Claude, ChatGPT, Marketing AI",https://reddit.com/r/ChatGPT/comments/1t0kzxf/help_me_choose_between_claude_chatgpt_marketing_ai/,Glittering-Water1103,,,0,no_safe_contact_found,review draft and reply/DM on Reddit
4,top10,2026-05-01 02:38 UTC,5h ago,5.5,2026-05-01T07:47:17.815377+00:00,80,lead,r/smallbusiness,https://www.reddit.com/r/smallbusiness/,How do I get more out of our website,https://reddit.com/r/smallbusiness/comments/1t0gs1g/how_do_i_get_more_out_of_our_website/,Takoyaki_Time,,,0,no_safe_contact_found,review draft and reply/DM on Reddit
5,top10,2026-05-01 01:55 UTC,6h ago,6.2,2026-05-01T07:48:04.059380+00:00,75,lead,r/SaaS,https://www.reddit.com/r/SaaS/,Looking for someone who has done it before to give some advice/feedback,https://reddit.com/r/SaaS/comments/1t0ftiw/looking_for_someone_who_has_done_it_before_to/,dumbwrench,reddit_review,https://reddit.com/r/SaaS/comments/1t0ftiw/looking_for_someone_who_has_done_it_before_to/,0,reddit_reply_or_dm_review,review draft and reply/DM on Reddit
6,top10,2026-04-30 14:47 UTC,17h ago,17.4,2026-05-01T07:49:31.558653+00:00,73,lead,r/forhire,https://www.reddit.com/r/forhire/,[Hiring] Looking someone in the UK - read for details,https://reddit.com/r/forhire/comments/1szy7jf/hiring_looking_someone_in_the_uk_read_for_details/,According-Appeal-146,reddit_review,https://reddit.com/r/forhire/comments/1szy7jf/hiring_looking_someone_in_the_uk_read_for_details/,0,below_auto_send_threshold,review draft and reply/DM on Reddit
7,top10,2026-04-30 19:20 UTC,12h ago,12.8,2026-05-01T07:52:49.855938+00:00,68,lead,r/ecommerce,https://www.reddit.com/r/ecommerce/,Looking for Website Review/Criticism,https://reddit.com/r/ecommerce/comments/1t06474/looking_for_website_reviewcriticism/,abhiram77,,,0,below_auto_send_threshold,review draft and reply/DM on Reddit
8,top10,2026-04-30 17:39 UTC,14h ago,14.5,2026-05-01T07:53:29.799462+00:00,68,lead,r/googleads,https://www.reddit.com/r/googleads/,"Tag not working, tried everything including Gemini, chat gpt, google's own chatbot etc.",https://reddit.com/r/googleads/comments/1t03a8d/tag_not_working_tried_everything_including_gemini/,Ok_Investigator8478,,,0,below_auto_send_threshold,review draft and reply/DM on Reddit
9,top10,2026-05-01 07:26 UTC,43m ago,0.7,2026-05-01T07:50:15.093518+00:00,65,lead,r/freelance_forhire,https://www.reddit.com/r/freelance_forhire/,[HIRING] Hiring Instagram Reel Posters,https://reddit.com/r/freelance_forhire/comments/1t0mcyg/hiring_hiring_instagram_reel_posters/,stmngmt,reddit_review,https://reddit.com/r/freelance_forhire/comments/1t0mcyg/hiring_hiring_instagram_reel_posters/,0,below_auto_send_threshold,review draft and reply/DM on Reddit
10,top10,2026-04-30 23:53 UTC,8h ago,8.3,2026-05-01T07:46:33.855828+00:00,63,lead,r/nocode,https://www.reddit.com/r/nocode/,What problems are you actually solving with no-code automation right now?,https://reddit.com/r/nocode/comments/1t0d3xd/what_problems_are_you_actually_solving_with/,Cnye36,,,0,below_auto_send_threshold,review draft and reply/DM on Reddit
